﻿<?xml version="1.0"?>
<doc>
<assembly>
<name>
EsEmEs
</name>
</assembly>
<members>
<member name="T:EsEmEs.Report">
	<summary>
 Comprehensive report about send message. Not yet implemented
 </summary>
	<remarks></remarks>
</member><member name="M:EsEmEs.Message.Send(EsEmEs.Provider@)">
	<summary>
Send a message. Make sure recipients have been specified 
 </summary>
	<param name="objProvider">EsEmEs provider to send message with</param>
	<returns></returns>
	<remarks></remarks>
</member><member name="T:EsEmEs.Message">
	<summary>
 An EsEmEs message to be sent via Provider
 </summary>
	<remarks></remarks>
</member><member name="M:EsEmEs.Provider.Query(EsEmEs.Message)">
	<summary>
 Makes queries to the Provider returning a Response
 </summary>
	<param name="objMessage">Message to ask Provider</param>
	<returns></returns>
	<remarks></remarks>
</member><member name="T:EsEmEs.Provider">
	<summary>
 Main handler for EsEmEs. Response and Message are output and input respectively
 </summary>
	<remarks></remarks>
</member><member name="P:EsEmEs.Response.State">
	<summary>
 Boolean state. An OK (true) or an Error (false)
 </summary>
	<value></value>
	<returns></returns>
	<remarks></remarks>
</member><member name="P:EsEmEs.Response.Code">
	<summary>
 Integer code for more specific details or logging
 </summary>
	<value></value>
	<returns></returns>
	<remarks></remarks>
</member><member name="P:EsEmEs.Response.Message">
	<summary>
 Verbose message, typically more user friendly
 </summary>
	<value></value>
	<returns></returns>
	<remarks></remarks>
</member><member name="T:EsEmEs.Response">
	<summary>
 Message carrier between EsEmEs internal functions 
 </summary>
	<remarks></remarks>
</member>
</members>
</doc>