﻿<?xml version="1.0"?>
<doc>
<assembly>
<name>
SMSTopUp
</name>
</assembly>
<members>
<member name="F:SMSTopUp.SMSTopUp.MSG_LEN_MAX">
	<summary>
 Maximum message length for truncation
 </summary>
	<remarks></remarks>
</member><member name="F:SMSTopUp.SMSTopUp.MSG_NUM_SPR">
	<summary>
 Seperating character of message recipient numbers
 </summary>
	<remarks></remarks>
</member><member name="F:SMSTopUp.SMSTopUp.COUNTRY_CODE">
	<summary>
 Country code e.g 234 for Nigeria
 </summary>
	<remarks></remarks>
</member><member name="M:SMSTopUp.SMSTopUp.Build(System.Collections.Generic.List{System.String}@,System.Char)">
	<summary>
 Build a list of recipents into SMSTopUpNG format 
 </summary>
	<param name="lstRaw">List of recipients</param>
	<returns></returns>
	<remarks></remarks>
</member><member name="M:SMSTopUp.SMSTopUp.Polish(System.String)">
	<summary>
 Polish an unformatted phone number into SMSTopUpNG format
 </summary>
	<param name="strRawNumber">Unformatted phone number</param>
	<returns></returns>
	<remarks></remarks>
</member><member name="M:SMSTopUp.SMSTopUp.HttpGET(System.String)">
	<summary>
 HTTP Query to url
 </summary>
	<param name="strUrl">Url to query</param>
	<returns></returns>
	<remarks></remarks>
</member><member name="T:SMSTopUp.SMSTopUp">
	<summary>
 SMSTopUpNG constants and utilities
 </summary>
	<remarks></remarks>
</member><member name="P:SMSTopUp.SMSTopUpProvider.Identity">
	<summary>
 Provider name which is SMSTopUpNG
 </summary>
	<value></value>
	<returns></returns>
	<remarks></remarks>
</member><member name="P:SMSTopUp.SMSTopUpProvider.Url">
	<summary>
 Provider root url
 </summary>
	<value></value>
	<returns></returns>
	<remarks></remarks>
</member><member name="P:SMSTopUp.SMSTopUpProvider.About">
	<summary>
 About the Provider. A link to FAQ will suffice
 </summary>
	<value></value>
	<returns></returns>
	<remarks></remarks>
</member><member name="P:SMSTopUp.SMSTopUpProvider.Authentication">
	<summary>
 Provider authentication string. Dont forget the trailing ampersand
 </summary>
	<value></value>
	<returns></returns>
	<remarks></remarks>
</member><member name="M:SMSTopUp.SMSTopUpProvider.#ctor(System.String)">
	<summary>
 Initialise Provider with url
 </summary>
	<param name="strUrl">Provider root url</param>
	<remarks></remarks>
</member><member name="M:SMSTopUp.SMSTopUpProvider.Query(SMSTopUp.SMSTopUpMessage)">
	<summary>
 Query the Provider and returning a Response
 </summary>
	<param name="objMessage">Message to ask Provider</param>
	<returns></returns>
	<remarks></remarks>
</member><member name="T:SMSTopUp.SMSTopUpProvider">
	<summary>
 SMSTopUpNG SMS Provider available via smstopupng.com
 </summary>
	<remarks></remarks>
</member><member name="P:SMSTopUp.SMSTopUpMessage.Identity">
	<summary>
 Sender ID for SMS message
 </summary>
	<value></value>
	<returns></returns>
	<remarks></remarks>
</member><member name="P:SMSTopUp.SMSTopUpMessage.Recipients">
	<summary>
 SMS message recipients. SMSTopUp.Polish formats them before Send
 </summary>
	<value></value>
	<returns></returns>
	<remarks></remarks>
</member><member name="P:SMSTopUp.SMSTopUpMessage.MessageText">
	<summary>
 Contents of the SMS message. Will be truncated if above SMSTopUp.MSG_LEN_MAX
 </summary>
	<value></value>
	<returns></returns>
	<remarks></remarks>
</member><member name="M:SMSTopUp.SMSTopUpMessage.Send(SMSTopUp.SMSTopUpProvider@)">
	<summary>
 Send a message. Make sure recipients have been specified 
 </summary>
	<param name="objProvider">Provider to query</param>
	<returns></returns>
	<remarks></remarks>
</member><member name="T:SMSTopUp.SMSTopUpMessage">
	<summary>
 A message to be sent via smstopupng.com
 </summary>
	<remarks></remarks>
</member>
</members>
</doc>